Họ và tên,Email,Vai trò,Phòng ban / Nhóm,Số điện thoại
Nguyễn Văn An,an.nguyen@nexuscrm.vn,sales,Miền Bắc (Hà Nội),0912345678
Trần Thị Bích,bich.tran@nexuscrm.vn,sales,Miền Nam (TP.HCM),0987654321
Lê Hoàng Nam,nam.le@nexuscrm.vn,manager,Miền Trung (Đà Nẵng),0901234567
Phạm Thu Hà,ha.pham@nexuscrm.vn,sales,Miền Bắc (Hà Nội),0934567890
Đặng Minh Khôi,khoi.dang@nexuscrm.vn,viewer,Khối Vận Hành,0978901234
Vũ Thị Lan,lan.vu@nexuscrm.vn,sales,Miền Nam (TP.HCM),0945678901
Hoàng Quốc Bảo,bao.hoang@nexuscrm.vn,sales,Miền Trung (Đà Nẵng),0967890123
Đỗ Mai Phương,phuong.do@nexuscrm.vn,sales,Miền Bắc (Hà Nội),0981234567
Bùi Tuấn Anh,anh.bui@nexuscrm.vn,manager,Miền Nam (TP.HCM),0919876543
Ngô Hải Yến,yen.ngo@nexuscrm.vn,viewer,Ban Giám Đốc,0938765432
